{
  "elements": [
    {
      "description": "", 
      "parameters": [
        {
          "doc": "The receiver must be a string in URL-format, a URL object, a hashed string or nil. Nil is a short way of sending the message back to the calling script. (string|url|hash|nil)", 
          "name": "receiver"
        }, 
        {
          "doc": "The id must be a string or a hashed string. (string|hash)", 
          "name": "message_id"
        }, 
        {
          "doc": "lua table message to send (table)", 
          "name": "[message]"
        }
      ], 
      "brief": "posts a message to a receiving URL", 
      "examples": "<pre>\nmsg.post(my_url, \"my_message\", {my_parameter = \"my_value\"})\n</pre>", 
      "type": "FUNCTION", 
      "return_": "", 
      "name": "msg.post"
    }, 
    {
      "description": "This is equivalent to msg.url(\"\").", 
      "parameters": [], 
      "brief": "creates a new URL", 
      "examples": "", 
      "type": "FUNCTION", 
      "return_": "a new URL (url)", 
      "name": "msg.url"
    }, 
    {
      "description": "The format of the string must be <code>\"[socket:][path][#fragment]\"</code>, which is similar to a http URL.\nWhen addressing instances, <code>socket</code> is the name of the collection. <code>path</code> is the id of the instance,\nwhich can either be relative the instance of the calling script or global. <code>fragment</code> would be the id of the desired component.", 
      "parameters": [
        {
          "doc": "string to create the url from (string)", 
          "name": "urlstring"
        }
      ], 
      "brief": "creates a new URL from a string", 
      "examples": "<pre>\nlocal my_url = msg.url(\"#my_component\")\nlocal my_url = msg.url(\"my_collection:/my_sub_collection/my_instance#my_component\")\nlocal my_url = msg.url(\"my_socket:\")\n</pre>", 
      "type": "FUNCTION", 
      "return_": "a new URL (url)", 
      "name": "msg.url"
    }, 
    {
      "description": "", 
      "parameters": [
        {
          "doc": "socket of the URL (string|socket)", 
          "name": "[socket]"
        }, 
        {
          "doc": "path of the URL (string|hash)", 
          "name": "[path]"
        }, 
        {
          "doc": "fragment of the URL (string|hash)", 
          "name": "[fragment]"
        }
      ], 
      "brief": "creates a new URL from separate arguments", 
      "examples": "", 
      "type": "FUNCTION", 
      "return_": "a new URL (url)", 
      "name": "msg.url"
    }
  ]
}