{
  "elements": [
    {
      "description": "A lua error is raised is on error", 
      "parameters": [
        {
          "doc": "buffer to deflate (string)", 
          "name": "buf"
        }
      ], 
      "brief": "Deflate (compress) a buffer", 
      "examples": "", 
      "type": "FUNCTION", 
      "return_": "deflated buffer (string)", 
      "name": "zlib.deflate"
    }, 
    {
      "description": "A lua error is raised is on error", 
      "parameters": [
        {
          "doc": "buffer to inflate (string)", 
          "name": "buf"
        }
      ], 
      "brief": "Inflate (decompress) a buffer", 
      "examples": "", 
      "type": "FUNCTION", 
      "return_": "inflated buffer (string)", 
      "name": "zlib.inflate"
    }
  ]
}